insert into book (id, title) values (1, 'Pierwsza ksiazka');
insert into book (id, title) values (2, 'Druga ksiazka');
insert into book (id, title) values (3, 'Trzecia ksiazka');
insert into book (id, title) values (4, 'Czwarta Ksiazka');
insert into book (id, title) values (5, 'Piata ksiazka');
insert into book (id, title) values (6, 'Szosta');
insert into book (id, title) values (7, 'Siodma');
insert into book (id, title) values (8, 'Osma');
insert into book (id, title) values (9, 'Dziewiata');
insert into book (id, title) values (10, 'Dziesiata');
insert into book (id, title) values (11, 'Jedenasta');
insert into book (id, title) values (12, 'Narrenturm');
insert into book (id, title) values (13, 'Spring for Dummies');


insert into author(id, first_name, last_name) values (1, 'Jan', 'Kowalski');
insert into author(id, first_name, last_name) values (2, 'Zbigniew', 'Nowak');
insert into author(id, first_name, last_name) values (3, 'Janusz', 'Jankowski');
insert into author(id, first_name, last_name) values (4, 'Adam', 'Mickiewicz');
insert into author(id, first_name, last_name) values (5, 'Juliusz', 'Slowacki');
insert into author(id, first_name, last_name) values (6, 'Mikolaj', 'Rej');
insert into author(id, first_name, last_name) values (7, 'Michail', 'Bulhakow');
insert into author(id, first_name, last_name) values (8, 'Arthur', 'Schoppenhauer');
insert into author(id, first_name, last_name) values (9, 'Andrzej', 'Sapkowski');
insert into author(id, first_name, last_name) values (10, 'Jakub', 'Krol');
insert into author(id, first_name, last_name) values (11, 'Artur', 'Otrzonsek');
insert into author(id, first_name, last_name) values (12, 'Krystian', 'Granatowski');
insert into author(id, first_name, last_name) values (13, 'Rafal', 'Wawryk');
insert into author(id, first_name, last_name) values (14, 'Szymon', 'Bartosiewicz');
insert into author(id, first_name, last_name) values (15, 'Pisarz', 'Uniwersalny');

insert into book_author (book_id, author_id) values(1, 1);
insert into book_author (book_id, author_id) values(2, 2);
insert into book_author (book_id, author_id) values(3, 3);
insert into book_author (book_id, author_id) values(4, 4);
insert into book_author (book_id, author_id) values(5, 5);
insert into book_author (book_id, author_id) values(6, 6);
insert into book_author (book_id, author_id) values(7, 7);
insert into book_author (book_id, author_id) values(8, 8);
insert into book_author (book_id, author_id) values(9, 9);
insert into book_author (book_id, author_id) values(10, 10);
insert into book_author (book_id, author_id) values(11, 11);
insert into book_author (book_id, author_id) values(12, 9);
insert into book_author (book_id, author_id) values(13, 8);
insert into book_author (book_id, author_id) values(13, 11);
insert into book_author (book_id, author_id) values(13, 12);
insert into book_author (book_id, author_id) values(13, 13);
insert into book_author (book_id, author_id) values(13, 14);
insert into book_author (book_id, author_id) values(12, 8);
insert into book_author (book_id, author_id) values(12, 10);
insert into book_author (book_id, author_id) values(1, 15);
insert into book_author (book_id, author_id) values(2, 15);
insert into book_author (book_id, author_id) values(3, 15);
insert into book_author (book_id, author_id) values(4, 15);
insert into book_author (book_id, author_id) values(5, 15);
insert into book_author (book_id, author_id) values(6, 15);
insert into book_author (book_id, author_id) values(7, 15);
insert into book_author (book_id, author_id) values(8, 15);
insert into book_author (book_id, author_id) values(9, 15);
insert into book_author (book_id, author_id) values(10, 15);
insert into book_author (book_id, author_id) values(11, 15);
insert into book_author (book_id, author_id) values(12, 15);
insert into book_author (book_id, author_id) values(13, 15);
